date,country,hospitalized_patients_symptoms,hospitalized_patients_intensive_care,total_hospitalized_patients,home_confinement_cases,total_current_confirmed_cases,new_current_confirmed_cases,new_total_confirmed_cases,recovered,deaths,total_confirmed_cases,tests_performed
2020-02-24 18:00:00 UTC,ITA,101,26,127,94,221,0,221,1,7,229,4324
2020-02-25 18:00:00 UTC,ITA,114,35,150,162,311,90,93,1,10,322,8623
2020-02-26 18:00:00 UTC,ITA,128,36,164,221,385,74,78,3,12,400,9587
2020-02-27 18:00:00 UTC,ITA,248,56,304,284,588,203,250,45,17,650,12014
2020-02-28 18:00:00 UTC,ITA,345,64,409,412,821,233,238,46,21,888,15695
2020-02-29 18:00:00 UTC,ITA,401,105,506,543,1049,228,240,50,29,1128,18661
2020-03-01 18:00:00 UTC,ITA,639,140,779,798,1577,528,566,83,34,1694,21127
2020-03-02 18:00:00 UTC,ITA,742,166,908,927,1835,258,342,149,52,2036,23345
2020-03-03 18:00:00 UTC,ITA,1034,229,1263,1000,2263,428,466,160,79,2502,25856
2020-03-04 18:00:00 UTC,ITA,1346,295,1641,1065,2706,443,587,276,107,3089,29837
2020-03-05 18:00:00 UTC,ITA,1790,351,2141,1155,3296,590,769,414,148,3858,32362
2020-03-06 18:00:00 UTC,ITA,2394,462,2856,1060,3916,620,778,523,197,4636,36359
2020-03-08 18:00:00 UTC,ITA,3557,650,4207,2180,6387,1326,1492,622,366,7375,49937
2020-03-09 18:00:00 UTC,ITA,4316,733,5049,2936,7985,1598,1797,724,463,9172,53826
2020-03-12 17:00:00 UTC,ITA,6650,1153,7803,5036,12839,2249,2651,1258,1016,15113,86011
2020-03-13 17:00:00 UTC,ITA,7426,1328,8754,6201,14955,2116,2547,1439,1266,17660,97488
2020-03-14 17:00:00 UTC,ITA,8372,1518,9890,7860,17750,2795,3497,1966,1441,21157,109170
2020-03-15 17:00:00 UTC,ITA,9663,1672,11335,9268,20603,2853,3590,2335,1809,24747,124899
2020-03-19 17:00:00 UTC,ITA,15757,2498,18255,14935,33190,4480,5322,4440,3405,41035,182777
2020-03-20 17:00:00 UTC,ITA,16020,2655,18675,19185,37860,4670,5986,5129,4032,47021,206886
2020-03-21 17:00:00 UTC,ITA,17708,2857,20565,22116,42681,4821,6557,6072,4825,53578,233222
2020-03-22 17:00:00 UTC,ITA,19846,3009,22855,23783,46638,3957,5560,7024,5476,59138,258402
2020-03-23 17:00:00 UTC,ITA,20692,3204,23896,26522,50418,3780,4789,7432,6077,63927,275468
2020-03-24 17:00:00 UTC,ITA,21937,3396,25333,28697,54030,3612,5249,8326,6820,69176,296964
2020-03-25 17:00:00 UTC,ITA,23112,3489,26601,30920,57521,3491,5210,9362,7503,74386,324445
2020-03-27 17:00:00 UTC,ITA,26029,3732,29761,36653,66414,4401,5959,10950,9134,86498,394079
2020-03-28 17:00:00 UTC,ITA,26676,3856,30532,39533,70065,3651,5974,12384,10023,92472,429526
2020-03-30 17:00:00 UTC,ITA,27795,3981,31776,43752,75528,1648,4050,14620,11591,101739,477359
2020-03-31 17:00:00 UTC,ITA,28192,4023,32215,45420,77635,2107,4053,15729,12428,105792,506968
2020-04-01 17:00:00 UTC,ITA,28403,4035,32438,48134,80572,2937,4782,16847,13155,110574,541423
2020-04-02 17:00:00 UTC,ITA,28540,4053,32593,50456,83049,2477,4668,18278,13915,115242,581232
2020-04-03 17:00:00 UTC,ITA,28741,4068,32809,52579,85388,2339,4585,19758,14681,119827,619849
2020-04-04 17:00:00 UTC,ITA,29010,3994,33004,55270,88274,2886,4805,20996,15362,124632,657224
2020-04-05 17:00:00 UTC,ITA,28949,3977,32926,58320,91246,2972,4316,21815,15887,128948,691461
2020-04-06 17:00:00 UTC,ITA,28976,3898,32874,60313,93187,1941,3599,22837,16523,132547,721732
2020-04-07 17:00:00 UTC,ITA,28718,3792,32510,61557,94067,880,3039,24392,17127,135586,755445
2020-04-08 17:00:00 UTC,ITA,28485,3693,32178,63084,95262,1195,3836,26491,17669,139422,807125
2020-04-09 17:00:00 UTC,ITA,28399,3605,32004,64873,96877,1615,4204,28470,18279,143626,853369
2020-04-11 17:00:00 UTC,ITA,28144,3381,31525,68744,100269,1996,4694,32534,19468,152271,963473
2020-04-13 17:00:00 UTC,ITA,28023,3260,31283,72333,103616,1363,3153,35435,20465,159516,1046910
2020-04-14 17:00:00 UTC,ITA,28011,3186,31197,73094,104291,675,2972,37130,21067,162488,1073689
2020-04-16 17:00:00 UTC,ITA,26893,2936,29829,76778,106607,1189,3786,40164,22170,168941,1178403
2020-04-17 17:00:00 UTC,ITA,25786,2812,28598,78364,106962,355,3493,42727,22745,172434,1244108
2020-04-18 17:00:00 UTC,ITA,25007,2733,27740,80031,107771,809,3491,44927,23227,175925,1305833
2020-04-19 17:00:00 UTC,ITA,25033,2635,27668,80589,108257,486,3047,47055,23660,178972,1356541
2020-04-22 17:00:00 UTC,ITA,23805,2384,26189,81510,107699,-10,3370,54543,25085,187327,1513251
2020-04-25 17:00:00 UTC,ITA,21533,2102,23635,82212,105847,-680,2357,63120,26384,195351,1707743
2020-04-27 17:00:00 UTC,ITA,20353,1956,22309,83504,105813,-290,1739,66624,26977,199414,1789662
2020-04-28 17:00:00 UTC,ITA,19723,1863,21586,83619,105205,-608,2091,68941,27359,201505,1846934
2020-04-29 17:00:00 UTC,ITA,19210,1795,21005,83652,104657,-548,2086,71252,27682,203591,1910761
2020-04-30 17:00:00 UTC,ITA,18149,1694,19843,81708,101551,-3106,1872,75945,27967,205463,1979217
2020-05-03 17:00:00 UTC,ITA,17242,1501,18743,81436,100179,-525,1389,81654,28884,210717,2153772
2020-05-05 17:00:00 UTC,ITA,16270,1427,17697,80770,98467,-1513,1075,85231,29315,213013,2246666
2020-05-09 17:00:00 UTC,ITA,13834,1034,14868,69974,84842,-3119,1083,103031,30395,218268,2514234
2020-05-10 17:00:00 UTC,ITA,13618,1027,14645,68679,83324,-1518,802,105186,30560,219070,2565912
2020-05-11 17:00:00 UTC,ITA,13539,999,14538,67950,82488,-836,744,106587,30739,219814,2606652
2020-05-13 17:00:00 UTC,ITA,12172,893,13065,65392,78457,-2809,888,112541,31106,222104,2735628
2020-05-16 17:00:00 UTC,ITA,10400,775,11175,59012,70187,-1883,875,122810,31763,224760,2944859
2020-05-17 17:00:00 UTC,ITA,10311,762,11073,57278,68351,-1836,675,125176,31908,225435,3004960
2020-05-20 17:00:00 UTC,ITA,9624,676,10300,52452,62752,-2377,665,132282,32330,227364,3171719
2020-05-21 17:00:00 UTC,ITA,9269,640,9909,51051,60960,-1792,642,134560,32486,228006,3243398
2020-05-22 17:00:00 UTC,ITA,8957,595,9552,49770,59322,-1638,652,136720,32616,228658,3318778
2020-05-23 17:00:00 UTC,ITA,8695,572,9267,48485,57752,-1570,669,138840,32735,229327,3391188
2020-05-26 17:00:00 UTC,ITA,7917,521,8438,44504,52942,-2358,397,144658,32955,230555,3539927
2020-05-27 17:00:00 UTC,ITA,7729,505,8234,42732,50966,-1976,584,147101,33072,231139,3607251
2020-05-28 17:00:00 UTC,ITA,7379,489,7868,40118,47986,-2980,593,150604,33142,231732,3683144
2020-06-01 17:00:00 UTC,ITA,6099,424,6523,34844,41367,-730,178,158355,33475,233197,3910133
2020-06-02 17:00:00 UTC,ITA,5916,408,6324,33569,39893,-1474,318,160092,33530,233515,3962292
2020-06-03 17:00:00 UTC,ITA,5742,353,6095,33202,39297,-596,321,160938,33601,233836,3999591
2020-06-05 17:00:00 UTC,ITA,5301,316,5617,31359,36976,-1453,518,163781,33774,234531,4114572
2020-06-06 17:00:00 UTC,ITA,5002,293,5295,30582,35877,-1099,270,165078,33846,234801,4187057
2020-06-07 17:00:00 UTC,ITA,4864,287,5151,30111,35262,-615,197,165837,33899,234998,4236535
2020-06-08 17:00:00 UTC,ITA,4729,283,5012,29718,34730,-532,280,166584,33964,235278,4263647
2020-06-10 17:00:00 UTC,ITA,4320,249,4569,27141,31710,-1162,202,169939,34114,235763,4381349
2020-06-11 17:00:00 UTC,ITA,4131,236,4367,26270,30637,-1073,379,171338,34167,236142,4443821
2020-06-14 17:00:00 UTC,ITA,3594,209,3803,22471,26274,-1211,338,176370,34345,236989,4620718
2020-06-16 17:00:00 UTC,ITA,3301,177,3478,21091,24569,-1340,210,178526,34405,237500,4695707
2020-06-21 17:00:00 UTC,ITA,2314,148,2462,18510,20972,-240,224,182893,34634,238499,4984370
2020-06-25 17:00:00 UTC,ITA,1515,103,1618,16685,18303,-352,296,186725,34678,239706,5163154
2020-06-26 17:00:00 UTC,ITA,1356,105,1461,16177,17638,-665,259,187615,34708,239961,5215922
2020-06-27 17:00:00 UTC,ITA,1260,97,1357,15479,16836,-802,175,188584,34716,240136,5277273
2020-06-28 17:00:00 UTC,ITA,1160,98,1258,15423,16681,-155,174,188891,34738,240310,5314619
2020-06-29 17:00:00 UTC,ITA,1120,96,1216,15280,16496,-185,126,189196,34744,240436,5341837
2020-06-30 17:00:00 UTC,ITA,1090,93,1183,14380,15563,-933,142,190248,34767,240578,5390110
2020-07-01 17:00:00 UTC,ITA,1025,87,1112,14143,15255,-308,187,190717,34788,240760,5445476
2020-07-02 17:00:00 UTC,ITA,963,82,1045,14015,15060,-195,201,191083,34818,240961,5498719
2020-07-03 17:00:00 UTC,ITA,956,79,1035,13849,14884,-176,223,191467,34833,241184,5548815
2020-07-04 17:00:00 UTC,ITA,940,71,1011,13610,14621,-263,235,191944,34854,241419,5600826
2020-07-05 17:00:00 UTC,ITA,945,74,1019,13623,14642,21,192,192108,34861,241611,5638288
2020-07-06 17:00:00 UTC,ITA,946,72,1018,13691,14709,67,208,192241,34869,241819,5660454
2020-07-07 17:00:00 UTC,ITA,940,70,1010,13232,14242,-467,138,192815,34899,241956,5703673
2020-07-08 17:00:00 UTC,ITA,899,71,970,12625,13595,-647,193,193640,34914,242149,5754116
2020-07-09 17:00:00 UTC,ITA,871,69,940,12519,13459,-136,229,193978,34926,242363,5806668
2020-07-10 17:00:00 UTC,ITA,844,65,909,12519,13428,-31,276,194273,34938,242639,5854621
2020-07-11 17:00:00 UTC,ITA,826,67,893,12410,13303,-125,188,194579,34945,242827,5900552
2020-07-12 17:00:00 UTC,ITA,776,68,844,12335,13179,-124,234,194928,34954,243061,5938811
2020-07-13 17:00:00 UTC,ITA,768,65,833,12324,13157,-22,169,195106,34967,243230,5962744
2020-07-14 17:00:00 UTC,ITA,777,60,837,12082,12919,-238,114,195441,34984,243344,6004611
2020-07-15 17:00:00 UTC,ITA,797,57,854,11639,12493,-426,163,196016,34997,243506,6053060
2020-07-16 17:00:00 UTC,ITA,750,53,803,11670,12473,-20,230,196246,35017,243736,6103492
2020-07-17 17:00:00 UTC,ITA,771,50,821,11635,12456,-17,233,196483,35028,243967,6154259
2020-07-18 17:00:00 UTC,ITA,757,50,807,11561,12368,-88,249,196806,35042,244216,6202524
2020-07-19 17:00:00 UTC,ITA,743,49,792,11648,12440,72,219,196949,35045,244434,6238049
2020-07-20 17:00:00 UTC,ITA,745,47,792,11612,12404,-36,190,197162,35058,244624,6262302
2020-07-21 17:00:00 UTC,ITA,732,49,781,11467,12248,-156,129,197431,35073,244752,6305412
2020-07-22 17:00:00 UTC,ITA,724,48,772,11550,12322,74,282,197628,35082,245032,6354730
2020-07-23 17:00:00 UTC,ITA,713,49,762,11642,12404,82,306,197842,35092,245338,6415041
2020-07-24 17:00:00 UTC,ITA,713,46,759,11542,12301,-103,252,198192,35097,245590,6468375
2020-07-25 17:00:00 UTC,ITA,731,41,772,11670,12442,141,275,198320,35102,245864,6520046
2020-07-26 17:00:00 UTC,ITA,735,44,779,11786,12565,123,255,198446,35107,246118,6560572
2020-07-27 17:00:00 UTC,ITA,740,45,785,11796,12581,16,170,198593,35112,246286,6586123
2020-07-28 17:00:00 UTC,ITA,749,40,789,11820,12609,28,212,198756,35123,246488,6634293
2020-07-29 17:00:00 UTC,ITA,731,38,769,11847,12616,7,289,199031,35129,246776,6690311
2020-07-30 17:00:00 UTC,ITA,748,47,795,11435,12230,-386,386,199796,35132,247158,6752169
2020-07-31 17:00:00 UTC,ITA,716,41,757,11665,12422,192,379,199974,35141,247537,6813113
2020-08-01 17:00:00 UTC,ITA,705,43,748,11709,12457,35,295,200229,35146,247832,6873496
2020-08-02 17:00:00 UTC,ITA,708,42,750,11706,12456,-1,239,200460,35154,248070,6916765
2020-08-03 17:00:00 UTC,ITA,734,41,775,11699,12474,18,159,200589,35166,248229,6940801
2020-08-04 17:00:00 UTC,ITA,761,41,802,11680,12482,8,190,200766,35171,248419,6984589
2020-08-05 17:00:00 UTC,ITA,764,41,805,11841,12646,164,384,200976,35181,248803,7041040
2020-08-06 17:00:00 UTC,ITA,762,42,804,11890,12694,48,402,201323,35187,249204,7099713
2020-08-07 17:00:00 UTC,ITA,779,42,821,12103,12924,230,552,201642,35190,249756,7158909
2020-08-08 17:00:00 UTC,ITA,771,43,814,12139,12953,29,347,201947,35203,250103,7212207
2020-08-09 17:00:00 UTC,ITA,763,45,808,12455,13263,310,463,202098,35205,250566,7249844
2020-08-10 17:00:00 UTC,ITA,779,46,825,12543,13368,105,259,202248,35209,250825,7276276
2020-08-11 17:00:00 UTC,ITA,801,49,850,12711,13561,193,412,202461,35215,251237,7316918
2020-08-12 17:00:00 UTC,ITA,779,53,832,12959,13791,230,481,202697,35225,251713,7369576
2020-08-13 17:00:00 UTC,ITA,786,55,841,13240,14081,290,523,202923,35231,252235,7420764
2020-08-14 17:00:00 UTC,ITA,771,56,827,13422,14249,168,574,203326,35234,252809,7467487
2020-08-15 17:00:00 UTC,ITA,764,55,819,13587,14406,157,629,203640,35392,253438,7520610
2020-08-16 17:00:00 UTC,ITA,787,56,843,13890,14733,327,479,203786,35396,253915,7557417
2020-08-17 17:00:00 UTC,ITA,810,58,868,13999,14867,134,320,203968,35400,254235,7588083
2020-08-18 17:00:00 UTC,ITA,843,58,901,14188,15089,222,403,204142,35405,254636,7642059
2020-08-19 17:00:00 UTC,ITA,866,66,932,14428,15360,271,642,204506,35412,255278,7713154
2020-08-20 17:00:00 UTC,ITA,883,68,951,15063,16014,654,845,204686,35418,256118,7790596
2020-08-21 17:00:00 UTC,ITA,919,69,988,15690,16678,664,947,204960,35427,257065,7862592
2020-08-22 17:00:00 UTC,ITA,924,64,988,16515,17503,825,1071,205203,35430,258136,7940266
2020-08-23 17:00:00 UTC,ITA,971,69,1040,17398,18438,935,1210,205470,35437,259345,8007637
2020-08-24 17:00:00 UTC,ITA,1045,65,1110,18085,19195,757,953,205662,35441,260298,8053551
2020-08-25 17:00:00 UTC,ITA,1058,66,1124,18590,19714,519,878,206015,35445,261174,8125892
2020-08-26 17:00:00 UTC,ITA,1055,69,1124,19629,20753,1039,1367,206329,35458,262540,8219421
2020-08-27 17:00:00 UTC,ITA,1131,67,1198,20734,21932,1179,1411,206554,35463,263949,8313445
2020-08-28 17:00:00 UTC,ITA,1178,74,1252,21783,23035,1103,1462,206902,35472,265409,8410510
2020-08-29 17:00:00 UTC,ITA,1168,79,1247,22909,24156,1121,1444,207224,35473,266853,8509618
2020-08-30 17:00:00 UTC,ITA,1251,86,1337,23868,25205,1049,1365,207536,35477,268218,8586341
2020-08-31 17:00:00 UTC,ITA,1288,94,1382,24696,26078,873,996,207653,35483,269214,8644859
2020-09-01 17:00:00 UTC,ITA,1380,107,1487,25267,26754,676,978,207944,35491,270189,8725909
2020-09-02 17:00:00 UTC,ITA,1437,109,1546,26271,27817,1063,1326,208201,35497,271515,8828868
2020-09-03 17:00:00 UTC,ITA,1505,120,1625,27290,28915,1098,1397,208490,35507,272912,8921658
2020-09-04 17:00:00 UTC,ITA,1607,121,1728,28371,30099,1184,1733,209027,35518,274644,9034743
2020-09-05 17:00:00 UTC,ITA,1620,121,1741,29453,31194,1095,1694,209610,35533,276337,9142401
2020-09-06 17:00:00 UTC,ITA,1683,133,1816,30262,32078,884,1297,210015,35541,277634,9219257
2020-09-07 17:00:00 UTC,ITA,1719,142,1861,31132,32993,915,1108,210238,35553,278784,9271810
2020-09-08 17:00:00 UTC,ITA,1760,143,1903,31886,33789,796,1370,210801,35563,280153,9364213
2020-09-09 17:00:00 UTC,ITA,1778,150,1928,32806,34734,945,1434,211272,35577,281583,9460203
2020-09-10 17:00:00 UTC,ITA,1836,164,2000,33708,35708,974,1597,211885,35587,283180,9554389
2020-09-11 17:00:00 UTC,ITA,1849,175,2024,34743,36767,1059,1616,212432,35597,284796,9653269
2020-09-12 17:00:00 UTC,ITA,1951,182,2133,35370,37503,736,1501,213191,35603,286297,9745975
2020-09-13 17:00:00 UTC,ITA,2042,187,2229,36280,38509,1006,1458,213634,35610,287753,9818118
2020-09-14 17:00:00 UTC,ITA,2122,197,2319,36868,39187,678,1008,213950,35624,288761,9863427
2020-09-15 17:00:00 UTC,ITA,2222,201,2423,37289,39712,525,1229,214645,35633,289990,9943944
2020-09-16 17:00:00 UTC,ITA,2285,207,2492,38040,40532,820,1452,215265,35645,291442,10044551
2020-09-17 17:00:00 UTC,ITA,2348,212,2560,38853,41413,881,1585,215954,35658,293025,10146324
2020-09-18 17:00:00 UTC,ITA,2387,208,2595,39862,42457,1044,1907,216807,35668,294932,10246163
2020-09-19 17:00:00 UTC,ITA,2380,215,2595,40566,43161,704,1638,217716,35692,296569,10349386
2020-09-20 17:00:00 UTC,ITA,2365,222,2587,41511,44098,937,1587,218351,35707,298156,10432814
2020-09-21 17:00:00 UTC,ITA,2475,232,2707,42372,45079,981,1350,218703,35724,299506,10488676
2020-09-22 17:00:00 UTC,ITA,2604,239,2843,42646,45489,410,1392,219670,35738,300897,10575979
2020-09-23 17:00:00 UTC,ITA,2658,244,2902,43212,46114,625,1640,220665,35758,302537,10679675
2020-09-24 17:00:00 UTC,ITA,2731,246,2977,43803,46780,666,1786,221762,35781,304323,10787694
2020-09-25 17:00:00 UTC,ITA,2737,244,2981,44737,47718,938,1912,222716,35801,306235,10894963
2020-09-26 17:00:00 UTC,ITA,2746,247,2993,45600,48593,875,1869,223693,35818,308104,10999350
2020-09-27 17:00:00 UTC,ITA,2846,254,3100,46518,49618,1025,1766,224417,35835,309870,11087064
2020-09-28 17:00:00 UTC,ITA,2977,264,3241,47082,50323,705,1494,225190,35851,311364,11138173
2020-09-29 17:00:00 UTC,ITA,3048,271,3319,47311,50630,307,1648,226506,35875,313011,11228358
2020-09-30 17:00:00 UTC,ITA,3047,280,3327,47936,51263,633,1851,227704,35894,314861,11333922
2020-10-01 17:00:00 UTC,ITA,3097,291,3388,49259,52647,1384,2548,228844,35918,317409,11452158
2020-10-02 17:00:00 UTC,ITA,3142,294,3436,50561,53997,1350,2499,229970,35941,319908,11572459
2020-10-03 17:00:00 UTC,ITA,3205,297,3502,52064,55566,1569,2844,231217,35968,322751,11691391
2020-10-04 17:00:00 UTC,ITA,3287,303,3590,53839,57429,1863,2578,231914,35986,325329,11784105
2020-10-05 17:00:00 UTC,ITA,3487,323,3810,55093,58903,1474,2257,232681,36002,327586,11844346
2020-10-06 17:00:00 UTC,ITA,3625,319,3944,56190,60134,1231,2677,234099,36030,330263,11944088
2020-10-07 17:00:00 UTC,ITA,3782,337,4119,58457,62576,2442,3678,235303,36061,333940,12069402
2020-10-08 17:00:00 UTC,ITA,3925,358,4283,61669,65952,3376,4458,236363,36083,338398,12197500
2020-10-09 17:00:00 UTC,ITA,4086,387,4473,65637,70110,4158,5372,237549,36111,343770,12326971
2020-10-10 17:00:00 UTC,ITA,4336,390,4726,70103,74829,4719,5724,238525,36140,349494,12460055
2020-10-11 17:00:00 UTC,ITA,4519,420,4939,74136,79075,4246,5456,239709,36166,354950,12564713
2020-10-12 17:00:00 UTC,ITA,4821,452,5273,77491,82764,3689,4619,240600,36205,359569,12650155
2020-10-13 17:00:00 UTC,ITA,5076,514,5590,81603,87193,4429,5901,242028,36246,365467,12762699
2020-10-14 17:00:00 UTC,ITA,5470,539,6009,86436,92445,5252,7332,244065,36289,372799,12914895
2020-10-15 17:00:00 UTC,ITA,5796,586,6382,92884,99266,6821,8804,245964,36372,381602,13077827
2020-10-16 17:00:00 UTC,ITA,6178,638,6816,100496,107312,8046,10010,247872,36427,391611,13228204
2020-10-17 17:00:00 UTC,ITA,6617,705,7322,109613,116935,9623,10925,249127,36474,402536,13394041
2020-10-18 17:00:00 UTC,ITA,7131,750,7881,118356,126237,9302,11705,251461,36543,414241,13540582
2020-10-19 17:00:00 UTC,ITA,7676,797,8473,125530,134003,7766,9338,252959,36616,423578,13639444
2020-10-20 17:00:00 UTC,ITA,8454,870,9324,133415,142739,8736,10874,255005,36705,434449,13784181
2020-10-21 17:00:00 UTC,ITA,9057,926,9983,145459,155442,12703,15199,257374,36832,449648,13962029
2020-10-22 17:00:00 UTC,ITA,9694,992,10686,158616,169302,13860,16079,259456,36968,465726,14132421
2020-10-23 17:00:00 UTC,ITA,10549,1049,11598,174404,186002,16700,19143,261808,37059,484869,14314453
2020-10-24 17:00:00 UTC,ITA,11287,1128,12415,190767,203182,17180,19644,264117,37210,504509,14492122
2020-10-25 17:00:00 UTC,ITA,12006,1208,13214,209027,222241,19059,21273,266203,37338,525782,14654002
2020-10-26 17:00:00 UTC,ITA,12997,1284,14281,222403,236684,14443,17012,268626,37479,542789,14778688
2020-10-27 17:00:00 UTC,ITA,13955,1411,15366,239724,255090,18406,21994,271988,37700,564778,14953086
2020-10-28 17:00:00 UTC,ITA,14981,1536,16517,259940,276457,21367,24991,275404,37905,589766,15152038
2020-10-29 17:00:00 UTC,ITA,15964,1651,17615,281576,299191,22734,26831,279282,38122,616595,15353490
2020-10-30 17:00:00 UTC,ITA,16994,1746,18740,307046,325786,26595,31084,283567,38321,647674,15568575
2020-10-31 17:00:00 UTC,ITA,17966,1843,19809,331577,351386,25600,31758,289426,38618,679430,15784461
2020-11-01 17:00:00 UTC,ITA,18902,1939,20841,357288,378129,26743,29907,292380,38826,709335,15967918
2020-11-02 17:00:00 UTC,ITA,19840,2022,21862,374650,396512,18383,22253,296017,39059,731588,16103649
2020-11-03 17:00:00 UTC,ITA,21114,2225,23339,394803,418142,21630,28244,302275,39412,759829,16285936
2020-11-04 17:00:00 UTC,ITA,22116,2292,24408,418827,443235,25093,30550,307378,39747,790377,16497767
2020-11-05 17:00:00 UTC,ITA,23256,2391,25647,446701,472348,29113,34505,312339,40192,824879,16717651
2020-11-06 17:00:00 UTC,ITA,24005,2515,26520,472598,499118,26770,37809,322925,40638,862681,16951896
2020-11-07 17:00:00 UTC,ITA,25109,2634,27743,504793,532536,33418,39811,328891,41063,902490,17183569
2020-11-08 17:00:00 UTC,ITA,26440,2749,29189,529447,558636,26100,32616,335074,41394,935104,17374713
2020-11-09 17:00:00 UTC,ITA,27636,2849,30485,542849,573334,14698,25271,345289,41750,960373,17522438
2020-11-10 17:00:00 UTC,ITA,28633,2971,31604,558506,590110,16776,35098,363023,42330,995463,17740196
2020-11-11 17:00:00 UTC,ITA,29444,3081,32525,580833,613358,23248,32961,372113,42953,1028424,17965836
2020-11-12 17:00:00 UTC,ITA,29873,3170,33043,602011,635054,21696,37978,387758,43589,1066401,18200508
2020-11-13 17:00:00 UTC,ITA,30914,3230,34144,629782,663926,28872,40902,399238,44139,1107303,18455416
2020-11-14 17:00:00 UTC,ITA,31398,3306,34704,653731,688435,24509,37255,411434,44683,1144552,18683111
2020-11-15 17:00:00 UTC,ITA,32047,3422,35469,677021,712490,24055,33979,420810,45229,1178529,18878386
2020-11-16 17:00:00 UTC,ITA,32536,3492,36028,681756,717784,5294,27354,442364,45733,1205881,19031049
2020-11-17 17:00:00 UTC,ITA,33074,3612,36686,697124,733810,16026,32191,457798,46464,1238072,19239507
2020-11-18 17:00:00 UTC,ITA,33504,3670,37174,705994,743168,9358,34282,481967,47217,1272352,19474341
2020-11-19 17:00:00 UTC,ITA,33610,3712,37322,724349,761671,18503,36176,498987,47870,1308528,19724527
2020-11-20 17:00:00 UTC,ITA,33957,3748,37705,739471,777176,15505,37242,520022,48569,1345767,19962604
2020-11-21 17:00:00 UTC,ITA,34063,3758,37821,753925,791746,14570,34767,539524,49261,1380531,20199829
2020-11-22 17:00:00 UTC,ITA,34279,3801,38080,767867,805947,14201,28337,553098,49823,1408868,20388576
2020-11-23 17:00:00 UTC,ITA,34697,3810,38507,758342,796849,-9098,22930,584493,50453,1431795,20537521
2020-11-24 17:00:00 UTC,ITA,34577,3816,38393,759993,798386,1537,23232,605330,51306,1455022,20726180
2020-11-25 17:00:00 UTC,ITA,34313,3848,38161,753536,791697,-6689,25853,637149,52028,1480874,20956187
2020-11-26 17:00:00 UTC,ITA,34038,3846,37884,757961,795845,4148,29003,661180,52850,1509875,21188898
2020-11-27 17:00:00 UTC,ITA,33684,3782,37466,750427,787893,-7952,28352,696647,53677,1538217,21411701
2020-11-28 17:00:00 UTC,ITA,33299,3762,37061,752247,789308,1415,26323,720861,54363,1564532,21637641
2020-11-29 17:00:00 UTC,ITA,32879,3753,36632,759139,795771,6463,20648,734503,54904,1585178,21814575
2020-11-30 17:00:00 UTC,ITA,33187,3744,36931,751540,788471,-7300,16377,757507,55576,1601554,21945099
2020-12-01 17:00:00 UTC,ITA,32811,3663,36474,743471,779945,-8526,19350,784595,56361,1620901,22127199
2020-12-02 17:00:00 UTC,ITA,32454,3616,36070,725160,761230,-18715,20709,823335,57045,1641610,22334342
2020-12-03 17:00:00 UTC,ITA,31772,3597,35369,724613,759982,-1248,23225,846809,58038,1664829,22554389
2020-12-04 17:00:00 UTC,ITA,31200,3567,34767,722935,757702,-2280,24099,872385,58852,1688939,22767130
2020-12-05 17:00:00 UTC,ITA,30158,3517,33675,720494,754169,-3533,21052,896308,59514,1709991,22962114
2020-12-06 17:00:00 UTC,ITA,30391,3454,33845,721461,755306,1137,18887,913494,60078,1728878,23125664
2020-12-07 17:00:00 UTC,ITA,30524,3382,33906,714913,748819,-6487,13720,933132,60606,1742557,23236881
2020-12-08 17:00:00 UTC,ITA,30081,3345,33426,704099,737525,-11294,14842,958629,61240,1757394,23386113
2020-12-09 17:00:00 UTC,ITA,29653,3320,32973,677542,710515,-27010,12756,997895,61739,1770149,23504588
2020-12-10 17:00:00 UTC,ITA,29088,3291,32379,664148,696527,-13988,16999,1027994,62626,1787147,23676174
2020-12-11 17:00:00 UTC,ITA,28562,3265,31827,658496,690323,-6204,18727,1052163,63387,1805873,23866590
2020-12-12 17:00:00 UTC,ITA,28066,3199,31265,653583,684848,-5475,19903,1076891,64036,1825775,24063029
2020-12-13 17:00:00 UTC,ITA,27735,3158,30893,655138,686031,1183,17938,1093161,64520,1843712,24215726
2020-12-14 17:00:00 UTC,ITA,27765,3095,30860,644249,675109,-10922,12030,1115617,65011,1855737,24319310
2020-12-15 17:00:00 UTC,ITA,27342,3003,30345,632968,663313,-11796,14844,1141406,65857,1870576,24483741
2020-12-16 17:00:00 UTC,ITA,26897,2926,29823,615883,645706,-17607,17572,1175901,66537,1888144,24683230
2020-12-17 17:00:00 UTC,ITA,26427,2855,29282,606061,635343,-10363,18236,1203814,67220,1906377,24635720
2020-12-18 17:00:00 UTC,ITA,25769,2819,28588,599210,627798,-7545,17992,1226086,67894,1921778,24815520
2020-12-19 17:00:00 UTC,ITA,25364,2784,28148,592018,620166,-7632,16308,1249470,68447,1938083,24991705
2020-12-20 17:00:00 UTC,ITA,25158,2743,27901,594859,622760,2594,15104,1261626,68799,1953185,25129125
2020-12-21 17:00:00 UTC,ITA,25145,2731,27876,585706,613582,-9178,10872,1281258,69214,1964054,25217014
2020-12-22 17:00:00 UTC,ITA,24948,2687,27635,578320,605955,-7627,13318,1301573,69842,1977370,25374719
2020-12-23 17:00:00 UTC,ITA,24546,2624,27170,571646,598816,-7139,14522,1322067,70395,1991278,25558583
2020-12-24 17:00:00 UTC,ITA,24070,2589,26659,566973,593632,-5184,18040,1344785,70900,2009317,25752360
2020-12-25 17:00:00 UTC,ITA,23402,2584,25986,553900,579886,-13746,19037,1377109,71359,2028354,25904694
2020-12-26 17:00:00 UTC,ITA,23312,2580,25892,555051,580943,1057,10431,1386213,71627,2038783,25986258
2020-12-27 17:00:00 UTC,ITA,23571,2580,26151,555609,581760,817,8913,1394011,71925,2047696,26046137
2020-12-28 17:00:00 UTC,ITA,23932,2565,26497,548724,575221,-6539,8585,1408686,72370,2056277,26114818
2020-12-29 17:00:00 UTC,ITA,23662,2549,26211,542517,568728,-6493,11224,1425730,73029,2067487,26243558
2020-12-30 17:00:00 UTC,ITA,23566,2528,26094,538301,564395,-4333,16202,1445690,73604,2083689,26412603
2020-12-31 17:00:00 UTC,ITA,23151,2555,25706,544190,569896,5501,23477,1463111,74159,2107166,26598607
2021-01-01 17:00:00 UTC,ITA,22822,2553,25375,549392,574767,4871,22211,1479988,74621,2129376,26756131
2021-01-02 17:00:00 UTC,ITA,22948,2569,25517,551545,577062,2295,11831,1489154,74985,2141201,26823305
2021-01-03 17:00:00 UTC,ITA,23075,2583,25658,550556,576214,-848,14245,1503900,75332,2155446,26926279
2021-01-04 17:00:00 UTC,ITA,23317,2579,25896,544562,570458,-5756,10800,1520106,75680,2166244,27004272
2021-01-05 17:00:00 UTC,ITA,23395,2569,25964,543197,569161,-1297,15378,1536129,76329,2181619,27139378
2021-01-06 17:00:00 UTC,ITA,23174,2571,25745,542967,568712,-449,20331,1556356,76877,2201945,27317974
2021-01-07 17:00:00 UTC,ITA,23291,2587,25878,545177,571055,2343,18020,1572015,77291,2220361,27439249
2021-01-08 17:00:00 UTC,ITA,23313,2587,25900,544489,570389,-666,17533,1589590,77911,2237890,27579516
2021-01-09 17:00:00 UTC,ITA,23260,2593,25853,546989,572842,2453,19978,1606630,78394,2257866,27751635
2021-01-10 17:00:00 UTC,ITA,23427,2615,26042,553890,579932,7090,18627,1617804,78755,2276491,27891393
2021-01-11 17:00:00 UTC,ITA,23603,2642,26245,549734,575979,-3953,12532,1633839,79203,2289021,27983049
2021-01-12 17:00:00 UTC,ITA,23712,2636,26348,543692,570040,-5939,14242,1653404,79819,2303263,28124690
2021-01-13 17:00:00 UTC,ITA,23525,2579,26104,538670,564774,-5266,15774,1673936,80326,2319036,28300119
2021-01-14 17:00:00 UTC,ITA,23110,2557,25667,535713,561380,-3394,17246,1694051,80848,2336279,28460704
2021-01-15 17:00:00 UTC,ITA,22841,2522,25363,532705,558068,-3312,16146,1713030,81325,2352423,28734210
2021-01-16 17:00:00 UTC,ITA,22784,2520,25304,532413,557717,-351,16310,1729216,81800,2368733,28995614
2021-01-17 17:00:00 UTC,ITA,22757,2503,25260,528114,553374,-4343,12545,1745726,82177,2381277,29206692
2021-01-18 17:00:00 UTC,ITA,22884,2544,25428,521631,547059,-6315,8825,1760489,82554,2390102,29365366
2021-01-19 17:00:00 UTC,ITA,22699,2487,25186,510338,535524,-11535,10497,1781917,83157,2400598,29619436
2021-01-20 17:00:00 UTC,ITA,22469,2461,24930,498623,523553,-11971,13571,1806932,83681,2414166,29899198
2021-01-21 17:00:00 UTC,ITA,22045,2418,24463,492105,516568,-6985,14078,1827451,84202,2428221,30166765
2021-01-22 17:00:00 UTC,ITA,21691,2390,24081,477972,502053,-14515,13633,1855127,84674,2441854,30431493
2021-01-23 17:00:00 UTC,ITA,21403,2386,23789,475045,498834,-3219,13331,1871189,85162,2455185,30717824
2021-01-24 17:00:00 UTC,ITA,21309,2400,23709,475569,499278,444,11629,1882074,85461,2466813,30934035
2021-01-25 17:00:00 UTC,ITA,21424,2421,23845,467785,491630,-7648,8562,1897861,85881,2475372,31060966
2021-01-26 17:00:00 UTC,ITA,21355,2372,23727,458690,482417,-9213,10593,1917117,86422,2485956,31317253
2021-01-27 17:00:00 UTC,ITA,21161,2352,23513,454456,477969,-4448,15204,1936289,86889,2501147,31611023
2021-01-28 17:00:00 UTC,ITA,20778,2288,23066,451551,474617,-3352,14372,1953509,87381,2515507,31886602
2021-01-29 17:00:00 UTC,ITA,20397,2270,22667,445157,467824,-6793,13574,1973388,87858,2529070,32155352
2021-01-30 17:00:00 UTC,ITA,20098,2218,22316,441036,463352,-4472,12715,1990152,88279,2541783,32453362
2021-01-31 17:00:00 UTC,ITA,20096,2215,22311,431657,453968,-9384,11252,2010548,88516,2553032,32666726
2021-02-01 17:00:00 UTC,ITA,20260,2252,22512,425077,447589,-6379,7925,2024523,88845,2560957,32809145
2021-02-02 17:00:00 UTC,ITA,20317,2214,22531,415234,437765,-9824,9660,2043499,89344,2570608,33053574